{
  "__type__": "dragonBones.DragonBonesAsset",
  "_name": "fengkuangcaisanzhang_ske",
  "_objFlags": 0,
  "_native": "",
  "_dragonBonesJson": "{\"frameRate\":24,\"isGlobal\":0,\"name\":\"fengkuangcaisanzhang\",\"version\":\"4.5\",\"armature\":[{\"skin\":[{\"name\":\"\",\"slot\":[{\"display\":[{\"path\":\"fengkuangcaisanzhang/fkcsz_jinbi01\",\"type\":\"image\",\"name\":\"fengkuangcaisanzhang/fkcsz_jinbi01\",\"transform\":{\"y\":6.0427,\"skX\":-39.9557,\"skY\":-39.9557,\"x\":19.804}}],\"name\":\"fkcsz_jinbi01\"},{\"display\":[{\"path\":\"fengkuangcaisanzhang/fkcsz_wenzi\",\"type\":\"image\",\"name\":\"fengkuangcaisanzhang/fkcsz_wenzi\",\"transform\":{\"y\":2.5,\"skX\":90,\"skY\":90,\"x\":23.3}}],\"name\":\"fkcsz_wenzi\"},{\"display\":[{\"path\":\"fengkuangcaisanzhang/fkcsz_chouma\",\"type\":\"image\",\"name\":\"fengkuangcaisanzhang/fkcsz_chouma\",\"transform\":{\"y\":2.3995,\"skX\":91.2611,\"skY\":91.2611,\"x\":47.6587}}],\"name\":\"fkcsz_chouma\"},{\"display\":[{\"vertices\":[-109.5,-64.5,109.5,-64.5,-109.5,64.5,109.5,64.5,-41.25,64.2,10.95,64.3,-68.95,-64.5,-13.1,-64.15,41.65,-64.5,62.61,64.59,15.44,-64.33,38.7,64.36,-39.27,-64.31,-15.45,64.25],\"edges\":[1,3,4,2,0,6,2,0,8,1,3,9,7,10,10,8,9,11,11,5,6,12,12,7,4,13,13,5],\"path\":\"fengkuangcaisanzhang/fkcsz_puke\",\"weights\":[2,5,0.7000000000000001,6,0.3,1,8,1,1,5,1,1,8,1,2,5,0.5,6,0.5,2,6,0.5,7,0.5,2,5,0.5,6,0.5,2,7,0.5,6,0.5,2,8,0.5,7,0.5,2,7,0.5,8,0.5,2,7,0.3,6,0.7000000000000001,2,7,0.3,6,0.7000000000000001,2,6,0.3,7,0.7000000000000001,2,6,0.3,7,0.7000000000000001],\"userEdges\":[],\"name\":\"fengkuangcaisanzhang/fkcsz_puke\",\"bonePose\":[5,0.9582264654111539,-0.28601056096872857,0.28601056096872857,0.9582264654111539,-91.85,21.95,6,0.9457814036225748,-0.3248038432064998,0.3248038432064998,0.9457814036225748,-39.25,6.249999999999998,7,0.9425121789378622,-0.33417180095544163,0.33417180095544163,0.9425121789378622,8.649999999999995,-10.199999999999992,8,0.9142836871463145,-0.4050744862591821,0.4050744862591821,0.9142836871463145,59.699999999999996,-28.300000000000004],\"type\":\"mesh\",\"transform\":{\"y\":-15.0319,\"skX\":23.8958,\"skY\":23.8958,\"x\":-48.2465},\"slotPose\":[1,-3.885780586188048e-16,3.885780586188048e-16,1,9.500000000000004,-22.500000000000004],\"width\":219,\"height\":129,\"uvs\":[0,0,1,0,0,1,1,1,0.31164,0.99767,0.55,0.99845,0.18516,0,0.44018,0.00271,0.69018,0,0.7859,1.00073,0.57051,0.0013,0.6767,0.99889,0.32069,0.00144,0.42945,0.99806],\"triangles\":[8,11,9,8,9,1,1,9,3,7,13,5,7,5,10,10,5,11,10,11,8,12,13,7,12,4,13,6,4,12,6,2,4,0,2,6]}],\"name\":\"fkcsz_puke\"},{\"display\":[{\"path\":\"fengkuangcaisanzhang/fkcsz_jinbi02\",\"type\":\"image\",\"name\":\"fengkuangcaisanzhang/fkcsz_jinbi02\",\"transform\":{\"y\":2.0983,\"skX\":135.0701,\"skY\":135.0701,\"x\":10.0737}}],\"name\":\"fkcsz_jinbi02\"}]}],\"animation\":[{\"frame\":[],\"duration\":90,\"bone\":[{\"frame\":[{\"duration\":90,\"transform\":{}}],\"name\":\"root\"},{\"frame\":[{\"duration\":90,\"transform\":{}}],\"name\":\"fkcsz_wenzi\"},{\"frame\":[{\"tweenEasing\":0,\"duration\":45,\"transform\":{\"y\":-7.4045}},{\"tweenEasing\":0,\"duration\":45,\"transform\":{\"y\":8.6386,\"skX\":12.7067,\"skY\":12.7067}},{\"duration\":0,\"transform\":{\"y\":-7.4045}}],\"name\":\"fkcsz_jinbi02\"},{\"frame\":[{\"tweenEasing\":0,\"duration\":45,\"transform\":{\"y\":-7.4045}},{\"tweenEasing\":0,\"duration\":45,\"transform\":{\"y\":3.7023}},{\"duration\":0,\"transform\":{\"y\":-7.4045}}],\"name\":\"fkcsz_chouma\"},{\"frame\":[{\"tweenEasing\":0,\"duration\":45,\"transform\":{\"y\":2.4682,\"skX\":-6.9222,\"skY\":-6.9222,\"x\":3.0852}},{\"tweenEasing\":0,\"duration\":45,\"transform\":{\"y\":-9.8727,\"skX\":1.4066,\"skY\":1.4066,\"x\":-10.4897}},{\"duration\":0,\"transform\":{\"y\":2.4682,\"skX\":-6.9222,\"skY\":-6.9222,\"x\":3.0852}}],\"name\":\"fkcsz_jinbi01\"},{\"frame\":[{\"tweenEasing\":0,\"duration\":45,\"transform\":{\"y\":-1.8511}},{\"tweenEasing\":0,\"duration\":45,\"transform\":{\"y\":-7.4045}},{\"duration\":0,\"transform\":{\"y\":-1.8511}}],\"name\":\"fkcsz_pk1\"},{\"frame\":[{\"tweenEasing\":0,\"duration\":45,\"transform\":{}},{\"tweenEasing\":0,\"duration\":45,\"transform\":{\"skX\":-7.3458,\"skY\":-7.3458}},{\"duration\":0,\"transform\":{}}],\"name\":\"fkcsz_pk2\"},{\"frame\":[{\"tweenEasing\":0,\"duration\":45,\"transform\":{\"skX\":1.2682,\"skY\":1.2682}},{\"tweenEasing\":0,\"duration\":45,\"transform\":{\"skX\":-1.3338,\"skY\":-1.3338}},{\"duration\":0,\"transform\":{\"skX\":1.2682,\"skY\":1.2682}}],\"name\":\"fkcsz_puke\"},{\"frame\":[{\"tweenEasing\":0,\"duration\":45,\"transform\":{\"skX\":2.6879,\"skY\":2.6879}},{\"tweenEasing\":0,\"duration\":45,\"transform\":{\"skX\":0.3757,\"skY\":0.3757}},{\"duration\":0,\"transform\":{\"skX\":2.6879,\"skY\":2.6879}}],\"name\":\"fkcsz_puke1\"}],\"slot\":[],\"ffd\":[],\"ik\":[],\"name\":\"idle\",\"playTimes\":0}],\"type\":\"Armature\",\"frameRate\":24,\"bone\":[{\"name\":\"root\",\"transform\":{}},{\"length\":53,\"transform\":{\"y\":79.3,\"skX\":-90,\"skY\":-90},\"parent\":\"root\",\"name\":\"fkcsz_wenzi\"},{\"length\":28,\"transform\":{\"y\":41.6,\"skX\":-135.0701,\"skY\":-135.0701,\"x\":-91.85},\"parent\":\"root\",\"name\":\"fkcsz_jinbi02\"},{\"length\":106,\"transform\":{\"y\":83.2,\"skX\":-91.2611,\"skY\":-91.2611,\"x\":3.15},\"parent\":\"root\",\"name\":\"fkcsz_chouma\"},{\"length\":31,\"transform\":{\"y\":-35.35,\"skX\":39.9557,\"skY\":39.9557,\"x\":-101.3},\"parent\":\"root\",\"name\":\"fkcsz_jinbi01\"},{\"length\":54,\"transform\":{\"y\":21.95,\"skX\":-16.6193,\"skY\":-16.6193,\"x\":-91.85},\"parent\":\"root\",\"name\":\"fkcsz_pk1\"},{\"length\":50,\"transform\":{\"skX\":-2.3344,\"skY\":-2.3344,\"x\":54.8931},\"parent\":\"fkcsz_pk1\",\"name\":\"fkcsz_pk2\"},{\"length\":54,\"transform\":{\"skX\":-0.5685,\"skY\":-0.5685,\"x\":50.646},\"parent\":\"fkcsz_pk2\",\"name\":\"fkcsz_puke\"},{\"length\":52,\"transform\":{\"skX\":-4.3736,\"skY\":-4.3736,\"x\":54.1638},\"parent\":\"fkcsz_puke\",\"name\":\"fkcsz_puke1\"}],\"aabb\":{\"width\":233.65229098294515,\"y\":-87.01398552871167,\"height\":186.01398552871166,\"x\":-119},\"slot\":[{\"name\":\"fkcsz_chouma\",\"parent\":\"fkcsz_chouma\",\"color\":{}},{\"z\":1,\"name\":\"fkcsz_puke\",\"parent\":\"fkcsz_puke1\",\"color\":{}},{\"z\":2,\"name\":\"fkcsz_jinbi02\",\"parent\":\"fkcsz_jinbi02\",\"color\":{}},{\"z\":3,\"name\":\"fkcsz_jinbi01\",\"parent\":\"fkcsz_jinbi01\",\"color\":{}},{\"z\":4,\"name\":\"fkcsz_wenzi\",\"parent\":\"fkcsz_wenzi\",\"color\":{}}],\"defaultActions\":[{\"gotoAndPlay\":\"idle\"}],\"ik\":[],\"name\":\"Armature\"}]}"
}